bill,moon,space,people,rights
henry,edu,toronto,spencer,writes
cars,mustang,diesels,nothing,matter
oil,engine,change,service,used
edu,insurance,gif,uci,ics
two,low,info,news,area
system,part,earth,mars,spacecraft
edu,writes,article,don,apr
car,cars,manual,price,turbo
engine,book,feel,cost,power
george,big,reason,buy,great
space,long,time,sci,world
sky,things,temperature,light,case
car,clutch,shifter,sho,driving
hst,mission,shuttle,pat,arrays
car,ford,etc,nice,drive
nasa,gov,science,internet,information
station,shuttle,option,launch,space
edu,article,writes,use,apr
don,make,even,want,find
